Channel Name,CSR,SCSR,TR,QL,TL,RA,BM,OM,MGMT,Team Name,Title,,Date Created,Comments,POC Departament,Channel Owner
Channel 1,FALSE,FALSE,FALSE,TRUE,TRUE,FALSE,FALSE,TRUE,TRUE,Alerts TN TWW - CQ OC TN TWW - CQ OC TN TWW - VGO PS TN TWW - EN TN TWW - CQ TN TWW,QL - TL - MGMT - OM,,2023-01-01,,VM,vinted@vinted.com
Channel 2,FALSE,FALSE,FALSE,FALSE,FALSE,FALSE,TRUE,TRUE,TRUE,EN TN TWW - IT AL TWW - FR PL TWW - PL PL TWW,MGMT - BM - OM,,2023-01-02,,MS - P&S,vinted@vinted.com
Channel 3,TRUE,FALSE,TRUE,FALSE,TRUE,FALSE,FALSE,TRUE,TRUE,IT EG TP - IT EG TP,CSR - TR - OM - MGMT - TL,,2023-01-03,,VM,vinted@vinted.com
Channel 4,TRUE,TRUE,TRUE,TRUE,TRUE,TRUE,TRUE,TRUE,TRUE,EN GY TP - FR TN TWW - IT TN TWW - IT EG TP - CZ CZ TP - ES CO TWW - DE AL TWW - VGO MP TN TWW - EN LT PLCH - EN CO TWW - ES PT TWW - FR PL TWW - ES UA HW - IT AL TWW - PL UA HW - EN TN TWW - EN UA HW - HU RO TP - IT EG TP,TL - QL - MGMT - CSR - TR - OM - SCSR - RA - BM,,2023-01-04,,MS - P&S,vinted@vinted.com
Channel 5,FALSE,TRUE,FALSE,TRUE,TRUE,FALSE,FALSE,FALSE,FALSE,ES UA HW - PL UA HW - EN UA HW - Alerts LT TWW - PL PL TWW,TL - QL - SCSR,,2023-01-05,,VM,vinted@vinted.com
Channel 6,FALSE,FALSE,FALSE,FALSE,FALSE,TRUE,FALSE,TRUE,TRUE,EN TN TWW - EN CO TWW,MGMT - RA - OM - MGMT,,2023-01-06,,VM,vinted@vinted.com
Channel 7,FALSE,FALSE,TRUE,TRUE,TRUE,TRUE,FALSE,TRUE,TRUE,ES CO TWW - EN CO TWW - EN TN TWW,TL - QL - RA - MGMT - TR - OM - MGMT,,2023-01-07,,VM,vinted@vinted.com
Channel 8,FALSE,FALSE,FALSE,TRUE,TRUE,FALSE,TRUE,FALSE,TRUE,LT LT TWW - Alerts LT TWW - LT LT TWW - CQ LT TWW,MGMT - QL - BM - TL,,2023-01-08,,VM,vinted@vinted.com
Channel 9,FALSE,FALSE,FALSE,TRUE,FALSE,FALSE,FALSE,FALSE,FALSE,EN UA HW,QL,,2023-01-09,,VM,vinted@vinted.com
Channel 10,FALSE,FALSE,FALSE,TRUE,TRUE,FALSE,TRUE,FALSE,TRUE,LT LT TWW - EN TN TWW - VGO PS TN TWW - CQ LT TWW - EN UA HW - CQ TN TWW - CQ OC TN TWW,MGMT - BM - TL - QL,,2023-01-10,,VM,vinted@vinted.com
Channel 11,FALSE,FALSE,FALSE,TRUE,TRUE,FALSE,TRUE,TRUE,TRUE,IT TN TWW - EN TN TWW - CQ OC TN TWW - CQ TN TWW - CQ OC TN TWW,MGMT - BM - QL - OM - TL,,2023-01-11,,VM,vinted@vinted.com
Channel 12,FALSE,FALSE,FALSE,TRUE,TRUE,FALSE,TRUE,FALSE,TRUE,IT TN TWW - EN TN TWW - CQ OC TN TWW - CQ OC TN TWW - VGO PS TN TWW - CQ TN TWW,MGMT - BM - TL - QL,,2023-01-15,,VM,vinted@vinted.com
Channel 13,FALSE,FALSE,FALSE,TRUE,TRUE,FALSE,TRUE,FALSE,TRUE,Alerts LT TWW - LT LT TWW - CQ LT TWW - CQ OC LT TWW,TL - MGMT - QL - BM,,2023-01-12,,VM,vinted@vinted.com
Channel 14,FALSE,FALSE,FALSE,TRUE,FALSE,FALSE,FALSE,FALSE,FALSE,EN UA HW,QL,,2023-01-13,,VM,vinted@vinted.com
Channel 15,FALSE,FALSE,FALSE,TRUE,TRUE,FALSE,FALSE,FALSE,TRUE,Alerts LT TWW - LT LT TWW - CQ OC TN TWW - CQ OC TN TWW - VGO PS TN TWW - CQ LT TWW - EN UA HW - CQ OC LT TWW - CQ TN TWW,TL - MGMT - QL,,2023-01-14,,VM,vinted@vinted.com
Channel 16,FALSE,FALSE,FALSE,FALSE,FALSE,FALSE,TRUE,TRUE,FALSE,EN LT PLCH,OM - BM,,2023-01-25,,VM,vinted@vinted.com
Channel 17,TRUE,TRUE,TRUE,TRUE,TRUE,TRUE,TRUE,TRUE,TRUE,FR TN TWW - IT TN TWW - CZ CZ TP - ES CO TWW - DE AL TWW - VGO MP TN TWW - EN LT PLCH - EN CO TWW - FR PL TWW - ES UA HW - IT AL TWW - PL UA HW - EN TN TWW - EN UA HW - HU RO TP - IT EG TP - PL PL TWW - PT PT TWW - IT EG TP - VGO PS TN TWW,QL - MGMT - OM - TL - CSR - SCSR - RA - BM - TR,,2023-01-20,,MS - P&S,vinted@vinted.com
Channel 18,TRUE,TRUE,FALSE,TRUE,TRUE,TRUE,TRUE,TRUE,TRUE,EN GY TP - FR TN TWW - IT TN TWW - CZ CZ TP - ES CO TWW - DE AL TWW - VGO MP TN TWW - IT EG TP - EN LT PLCH - ES PT TWW - FR PL TWW - ES UA HW - IT AL TWW - PL UA HW - EN TN TWW - EN UA HW - EN CO TWW - HU RO TP,TL - QL - MGMT - OM - CSR - BM - SCSR - RA,,2023-01-21,,MS - P&S,vinted@vinted.com
Channel 19,FALSE,FALSE,FALSE,TRUE,TRUE,FALSE,TRUE,FALSE,TRUE,Alerts LT TWW - LT LT TWW - CQ LT TWW,TL - MGMT - QL - BM,,2023-01-22,,VM,vinted@vinted.com
Channel 20,FALSE,FALSE,FALSE,TRUE,TRUE,FALSE,TRUE,FALSE,TRUE,Alerts LT TWW - LT LT TWW - EN TN TWW - Alerts TN TWW - CQ OC TN TWW - CQ TN TWW,TL - MGMT - BM - QL,,2023-01-23,,MS - P&S,vinted@vinted.com
Channel 21,FALSE,FALSE,FALSE,TRUE,TRUE,FALSE,TRUE,FALSE,TRUE,IT TN TWW - EN TN TWW - Alerts TN TWW - CQ OC TN TWW - CQ TN TWW,MGMT - BM - QL - TL,,2023-01-24,,VM,vinted@vinted.com
Channel 22,TRUE,FALSE,FALSE,TRUE,TRUE,FALSE,TRUE,FALSE,FALSE,EN TN TWW - VGO MP TN TWW - VGO PS TN TWW,BM - CSR - QL - TL,,2023-01-26,,MS - P&S,vinted@vinted.com
Channel 23,FALSE,TRUE,FALSE,TRUE,TRUE,FALSE,TRUE,FALSE,TRUE,DE AL TWW - FR PL TWW - IT AL TWW,BM - MGMT - QL - SCSR - TL,,2023-01-27,,VM,vinted@vinted.com
Channel 24,FALSE,TRUE,FALSE,TRUE,TRUE,FALSE,TRUE,FALSE,TRUE,DE AL TWW - FR PL TWW - IT AL TWW,BM - MGMT - QL - SCSR - TL,,2023-01-28,,VM,vinted@vinted.com
Channel 25,FALSE,FALSE,FALSE,FALSE,TRUE,FALSE,TRUE,TRUE,FALSE,DE TN TWW - EN TN TWW - IT TN TWW,BM - OM - TL,,2023-01-29,,VM,vinted@vinted.com
Channel 26,FALSE,FALSE,FALSE,TRUE,TRUE,FALSE,TRUE,TRUE,TRUE,CQ TN TWW - DE TN TWW - EN TN TWW - IT TN TWW,BM - MGMT - OM - QL - TL,,2023-01-30,,VM,vinted@vinted.com
Channel 27,FALSE,FALSE,TRUE,TRUE,TRUE,FALSE,FALSE,TRUE,FALSE,DE UA HW - EN UA HW - PL UA HW - PL UA HW,OM - QL - TL - TR,,2023-01-31,,VM,vinted@vinted.com
Channel 28,FALSE,FALSE,TRUE,TRUE,TRUE,FALSE,FALSE,TRUE,FALSE,DE UA HW - EN UA HW - PL UA HW - PL UA HW,OM - QL - TL - TR,,2023-02-01,,VM,vinted@vinted.com
Channel 29,TRUE,TRUE,TRUE,FALSE,TRUE,TRUE,TRUE,TRUE,FALSE,DK LT PLCH - EN LT PLCH - FI EE PLCH - SE LT PLCH,BM - CSR - OM - RA - SCSR - TL - TR,,2023-02-02,,VM,vinted@vinted.com
Channel 30,TRUE,FALSE,TRUE,FALSE,TRUE,TRUE,TRUE,TRUE,FALSE,DK LT PLCH - EN LT PLCH - FI EE PLCH - SE LT PLCH,BM - CSR - OM - RA - TL - TR,,2023-02-03,,VM,vinted@vinted.com
Channel 31,TRUE,TRUE,TRUE,TRUE,TRUE,TRUE,FALSE,TRUE,FALSE,CZ CZ TP - DE AL TWW - DK LT PLCH - EN CO TWW - EN LT PLCH - EN TN TWW - EN UA HW - EN GY TP - ES CO TWW - ES PT TWW - ES UA HW - FR MA OS - FR PL TWW - FR TN OS - FR TN TWW - HU RO TP - IT AL TWW - IT EG TP - IT EG TP - PL PL TWW - PL UA HW - VGO PS TN TWW,CSR - OM - QL - RA - SCSR - TL - TR,,2023-02-04,,VM,vinted@vinted.com
Channel 32,TRUE,TRUE,FALSE,TRUE,TRUE,FALSE,FALSE,FALSE,FALSE,CZ CZ TP - HU RO TP - LT LT TWW - PL PL TWW - RO RO TP - SK CZ TP,CSR - QL - SCSR - TL,,2023-02-05,,MS - P&S,vinted@vinted.com
Channel 33,FALSE,FALSE,FALSE,FALSE,FALSE,FALSE,TRUE,TRUE,TRUE,IT EG TP - IT EG TP,BM - MGMT - OM,,2023-02-06,,MS - P&S,vinted@vinted.com
Channel 34,FALSE,FALSE,TRUE,TRUE,TRUE,TRUE,FALSE,TRUE,TRUE,EN CO TWW - EN TN TWW - ES CO TWW,MGMT - OM - MGMT - QL - RA - TL - TR,,2023-02-07,,VM,vinted@vinted.com
Channel 35,FALSE,TRUE,TRUE,TRUE,TRUE,FALSE,TRUE,TRUE,TRUE,EN EG TP - EN EG TP - IT EG TP,BM - MGMT - OM - QL - SCSR - TL - TR,,2023-02-08,,MS - P&S,vinted@vinted.com
Channel 36,FALSE,TRUE,TRUE,TRUE,TRUE,FALSE,TRUE,TRUE,TRUE,EN EG TP - EN EG TP - IT EG TP,BM - MGMT - OM - QL - SCSR - TL - TR,,2023-02-09,,VM,vinted@vinted.com
Channel 37,FALSE,TRUE,TRUE,TRUE,TRUE,FALSE,TRUE,TRUE,TRUE,EN EG TP - EN EG TP - IT EG TP,BM - MGMT - OM - QL - SCSR - TL - TR,,2023-02-11,,VM,vinted@vinted.com
Channel 38,FALSE,FALSE,TRUE,TRUE,TRUE,FALSE,TRUE,TRUE,TRUE,EN GY TP - EN GY TP - IT EG TP,BM - MGMT - OM - QL - TL - TR,,2023-02-12,,VM,vinted@vinted.com
Channel 39,FALSE,FALSE,TRUE,TRUE,TRUE,TRUE,TRUE,TRUE,TRUE,EN GY TP - EN GY TP - IT EG TP,BM - MGMT - OM - QL - RA - TL - TR,,2023-02-13,,VM,vinted@vinted.com
Channel 40,TRUE,TRUE,TRUE,FALSE,TRUE,TRUE,FALSE,TRUE,FALSE,DK LT PLCH - EN LT PLCH - FI EE PLCH,CSR - OM - RA - SCSR - TL - TR,,2023-02-14,,VM,vinted@vinted.com
Channel 41,TRUE,FALSE,TRUE,FALSE,TRUE,TRUE,TRUE,TRUE,FALSE,DK LT PLCH - EN LT PLCH - FI EE PLCH - SE LT PLCH,BM - CSR - OM - RA - TL - TR,,2023-02-15,,VM,vinted@vinted.com
Channel 42,FALSE,FALSE,FALSE,TRUE,TRUE,FALSE,TRUE,TRUE,TRUE,EN TN TWW - IT TN TWW - VGO MP TN TWW,BM - MGMT - OM - MGMT - QL - TL,,2023-02-16,,VM,vinted@vinted.com
Channel 43,FALSE,FALSE,TRUE,TRUE,TRUE,FALSE,TRUE,TRUE,TRUE,CQ TN TWW - EN TN TWW - IT TN TWW - VGO MP TN TWW,BM - MGMT - OM - MGMT - QL - TL - TR,,2023-02-17,,VM,vinted@vinted.com
Channel 44,FALSE,TRUE,TRUE,TRUE,TRUE,FALSE,FALSE,TRUE,FALSE,DE UA HW - EN UA HW - ES UA HW - PL UA HW,OM - QL - SCSR - TL - TR,,2023-02-18,,VM,vinted@vinted.com
Channel 45,FALSE,TRUE,TRUE,TRUE,TRUE,FALSE,FALSE,TRUE,FALSE,DE UA HW - EN UA HW - ES UA HW - PL UA HW,OM - QL - SCSR - TL - TR,,2023-02-19,,VM,vinted@vinted.com
Channel 46,FALSE,FALSE,TRUE,TRUE,TRUE,TRUE,FALSE,TRUE,TRUE,EN CO TWW - EN TN TWW - ES CO TWW,MGMT - OM - MGMT - QL - RA - TL - TR,,2023-02-20,,VM,vinted@vinted.com
Channel 47,FALSE,TRUE,FALSE,TRUE,TRUE,FALSE,TRUE,FALSE,TRUE,ES PT TWW - FR PL TWW,BM - MGMT - QL - SCSR - TL,,2023-02-21,,VM,vinted@vinted.com
Channel 48,FALSE,TRUE,TRUE,TRUE,TRUE,FALSE,FALSE,TRUE,FALSE,DE UA HW - EN UA HW - ES UA HW - PL UA HW - PL UA HW,OM - QL - SCSR - TL - TR,,2023-02-22,,VM,vinted@vinted.com
Channel 49,FALSE,TRUE,TRUE,TRUE,TRUE,FALSE,FALSE,TRUE,FALSE,DE UA HW - EN UA HW - ES UA HW - PL UA HW - PL UA HW,OM - QL - SCSR - TL - TR,,2023-02-23,,VM,vinted@vinted.com
Channel 50,TRUE,TRUE,TRUE,FALSE,TRUE,TRUE,TRUE,TRUE,FALSE,DK LT PLCH - EN LT PLCH - FI EE PLCH - SE LT PLCH,BM - CSR - OM - RA - SCSR - TL - TR,,2023-02-24,,VM,vinted@vinted.com
Channel 51,TRUE,FALSE,TRUE,FALSE,TRUE,TRUE,TRUE,TRUE,FALSE,DK LT PLCH - EN LT PLCH - FI EE PLCH - SE LT PLCH,BM - CSR - OM - RA - TL - TR,,2023-02-25,,VM,vinted@vinted.com
Channel 52,FALSE,FALSE,FALSE,FALSE,TRUE,FALSE,FALSE,FALSE,FALSE,FR MA OS,TL,,2023-08-28,,VM,vinted@vinted.com
Channel 53,FALSE,FALSE,TRUE,TRUE,TRUE,FALSE,TRUE,TRUE,FALSE,FR MA OS - FR TN OS,BM - OM - QL - TL - TR,,2023-02-26,,VM,vinted@vinted.com
Channel 54,TRUE,TRUE,TRUE,TRUE,TRUE,FALSE,TRUE,TRUE,TRUE,FR PL TWW - PL PL TWW,BM - CSR - MGMT - OM - QL - SCSR - TL - TR,,2023-02-27,,VM,vinted@vinted.com
Channel 55,FALSE,FALSE,TRUE,TRUE,TRUE,TRUE,TRUE,TRUE,TRUE,FR PL TWW - PL PL TWW,BM - MGMT - OM - QL - RA - TL - TR,,2023-02-28,,VM,vinted@vinted.com
Channel 56,FALSE,FALSE,FALSE,TRUE,TRUE,FALSE,TRUE,TRUE,FALSE,FR TN OS - FR TN OS,BM - OM - QL - TL,,2023-03-01,,VM,vinted@vinted.com
Channel 57,FALSE,FALSE,FALSE,TRUE,TRUE,FALSE,TRUE,TRUE,FALSE,FR TN OS - FR TN OS,BM - OM - QL - TL,,2023-03-02,,VM,vinted@vinted.com
Channel 58,FALSE,FALSE,FALSE,TRUE,TRUE,FALSE,TRUE,TRUE,TRUE,CQ OC TN TWW - CQ TN TWW - EN TN TWW - FR TN TWW - IT TN TWW - VGO PS TN TWW,BM - MGMT - OM - QL - TL,,2023-03-03,,VM,vinted@vinted.com
Channel 59,FALSE,FALSE,FALSE,TRUE,TRUE,FALSE,TRUE,TRUE,TRUE,CQ OC TN TWW - CQ TN TWW - DE TN TWW - EN TN TWW - FR TN TWW - IT TN TWW - VGO MP TN TWW - VGO PS TN TWW,BM - MGMT - OM - QL - TL,,2023-03-04,,VM,vinted@vinted.com
Channel 60,FALSE,FALSE,FALSE,FALSE,FALSE,FALSE,TRUE,TRUE,FALSE,EN GY TP,BM - OM,,2023-09-11,,VM,vinted@vinted.com
Channel 61,FALSE,FALSE,FALSE,FALSE,FALSE,FALSE,TRUE,FALSE,TRUE,EN GY TP - IT EG TP,BM - MGMT,,2023-09-08,,VM,vinted@vinted.com
Channel 62,FALSE,FALSE,TRUE,TRUE,FALSE,TRUE,FALSE,TRUE,TRUE,DE UA HW - EN UA HW - PL UA HW,MGMT - OM - QL - RA - TR,,2023-03-05,,VM,vinted@vinted.com
Channel 63,FALSE,TRUE,TRUE,TRUE,TRUE,FALSE,TRUE,TRUE,TRUE,EN GY TP - EN GY TP - HU RO TP - IT EG TP,BM - MGMT - OM - QL - SCSR - TL - TR,,2023-03-06,,VM,vinted@vinted.com
Channel 64,FALSE,FALSE,TRUE,TRUE,TRUE,FALSE,FALSE,TRUE,TRUE,HU RO TP - IT EG TP,MGMT - OM - QL - TL - TR,,2023-03-07,,VM,vinted@vinted.com
Channel 65,TRUE,TRUE,TRUE,TRUE,TRUE,TRUE,TRUE,TRUE,TRUE,DE AL TWW - EN CO TWW - EN LT PLCH - EN TN TWW - EN UA HW - ES CO TWW - ES PT TWW - ES UA HW - FR MA OS - FR TN TWW - IT AL TWW - VGO MP TN TWW,BM - CSR - MGMT - OM - QL - RA - SCSR - TL - TR,,2023-03-08,,MS - P&S,vinted@vinted.com
Channel 66,FALSE,FALSE,FALSE,FALSE,FALSE,FALSE,FALSE,TRUE,FALSE,EN UA HW - PL UA HW,OM,,2023-03-12,,VM,vinted@vinted.com
Channel 67,FALSE,FALSE,FALSE,TRUE,TRUE,FALSE,FALSE,TRUE,FALSE,DE UA HW - EN UA HW - ES UA HW - PL UA HW - PL UA HW,OM - QL - TL,,2023-08-31,,MS - P&S,vinted@vinted.com
Channel 68,FALSE,FALSE,TRUE,TRUE,TRUE,FALSE,FALSE,TRUE,FALSE,DE UA HW - EN UA HW - ES UA HW - PL UA HW - PL UA HW,OM - QL - TL - TR,,2023-03-13,,MS - P&S,vinted@vinted.com
Channel 69,FALSE,FALSE,FALSE,TRUE,FALSE,FALSE,FALSE,FALSE,FALSE,EN UA HW,QL,,2023-03-09,,MS - P&S,vinted@vinted.com
Channel 70,FALSE,FALSE,FALSE,TRUE,TRUE,FALSE,FALSE,TRUE,FALSE,DE UA HW - EN UA HW - ES UA HW - PL UA HW - PL UA HW,OM - QL - TL,,2023-03-10,,MS - P&S,vinted@vinted.com
Channel 71,FALSE,FALSE,TRUE,FALSE,FALSE,FALSE,FALSE,TRUE,FALSE,DE UA HW - EN UA HW,OM - TR,,2023-03-11,,VM,vinted@vinted.com
Channel 72,FALSE,FALSE,FALSE,FALSE,FALSE,FALSE,FALSE,FALSE,FALSE,XXX,XXX,,2023-03-14,,MS - P&S,vinted@vinted.com
Channel 73,TRUE,TRUE,TRUE,TRUE,TRUE,FALSE,FALSE,TRUE,FALSE,Alerts LT TWW - CQ OC TN TWW - CZ CZ TP - DK LT PLCH - EN CO TWW - EN EG TP - EN LT PLCH - EN TN TWW - EN UA HW - EN GY TP - ES CO TWW - ES PT TWW - ES UA HW - FR TN OS - HU RO TP - IT AL TWW - IT EG TP - PL PL TWW - PT PT TWW - VGO MP TN TWW - VGO PS TN TWW,CSR - OM - QL - SCSR - TL - TR,,2023-08-29,,MS - P&S,vinted@vinted.com
Channel 74,TRUE,TRUE,TRUE,TRUE,TRUE,FALSE,FALSE,TRUE,FALSE,Alerts LT TWW - CQ OC TN TWW - CZ CZ TP - DK LT PLCH - EN CO TWW - EN EG TP - EN LT PLCH - EN TN TWW - EN UA HW - EN GY TP - ES CO TWW - ES PT TWW - ES UA HW - FR TN OS - HU RO TP - IT AL TWW - IT EG TP - PL PL TWW - PT PT TWW - VGO MP TN TWW - VGO PS TN TWW,CSR - OM - QL - SCSR - TL - TR,,2023-03-15,,MS - P&S,vinted@vinted.com
Channel 75,TRUE,TRUE,TRUE,TRUE,TRUE,TRUE,TRUE,TRUE,TRUE,Alerts LT TWW - Alerts TN TWW - CZ CZ TP - DE AL TWW - EN CO TWW - EN EG TP - EN LT PLCH - EN TN TWW - EN UA HW - EN GY TP - ES CO TWW - ES PT TWW - ES UA HW - FR MA OS - FR PL TWW - FR TN OS - FR TN TWW - HU RO TP - IT AL TWW - IT EG TP - IT EG TP - IT TN TWW - LT LT TWW - PL PL TWW - PL UA HW - PT PT TWW - VGO MP TN TWW - VGO PS TN TWW,BM - CSR - MGMT - OM - QL - RA - SCSR - TL - TR,,2023-03-16,,MS - P&S,vinted@vinted.com
Channel 76,FALSE,FALSE,FALSE,TRUE,TRUE,FALSE,FALSE,FALSE,TRUE,Alerts LT TWW - Alerts TN TWW - CQ LT TWW - CQ OC LT TWW - CQ OC TN TWW - CQ OC TN TWW - LT LT TWW - VGO PS TN TWW,MGMT - QL - TL,,2023-03-17,,VM,vinted@vinted.com
Channel 77,FALSE,FALSE,FALSE,FALSE,FALSE,FALSE,FALSE,FALSE,FALSE,XXX,XXX,,2023-03-18,,MS - P&S,vinted@vinted.com
Channel 78,TRUE,TRUE,TRUE,TRUE,TRUE,FALSE,TRUE,FALSE,TRUE,DE AL TWW - FR PL TWW - IT AL TWW,BM - CSR - MGMT - QL - SCSR - TL - TR,,2023-03-19,,VM,vinted@vinted.com
Channel 79,FALSE,TRUE,TRUE,TRUE,TRUE,FALSE,TRUE,FALSE,TRUE,DE AL TWW - FR PL TWW - IT AL TWW,BM - MGMT - QL - SCSR - TL - TR,,2023-03-20,,VM,vinted@vinted.com
Channel 80,FALSE,FALSE,FALSE,FALSE,FALSE,FALSE,FALSE,TRUE,TRUE,IT EG TP - IT EG TP,MGMT - OM,,2023-03-21,,VM,vinted@vinted.com
Channel 81,FALSE,FALSE,TRUE,TRUE,TRUE,TRUE,TRUE,TRUE,TRUE,IT EG TP - IT EG TP,BM - MGMT - OM - QL - RA - TL - TR,,2023-03-22,,VM,vinted@vinted.com
Channel 82,FALSE,FALSE,TRUE,TRUE,TRUE,TRUE,TRUE,TRUE,TRUE,IT EG TP - IT EG TP,BM - MGMT - OM - QL - RA - TL - TR,,2023-03-23,,VM,vinted@vinted.com
Channel 83,FALSE,TRUE,FALSE,FALSE,TRUE,FALSE,TRUE,TRUE,TRUE,DE TN TWW - EN TN TWW - FR TN TWW - IT TN TWW - VGO MP TN TWW,BM - MGMT - OM - SCSR - TL,,2023-03-24,,VM,vinted@vinted.com
Channel 84,FALSE,FALSE,FALSE,TRUE,TRUE,FALSE,TRUE,TRUE,TRUE,CQ TN TWW - DE TN TWW - EN TN TWW - FR TN TWW - IT TN TWW - VGO MP TN TWW,BM - MGMT - OM - QL - TL,,2023-03-25,,VM,vinted@vinted.com
Channel 85,TRUE,TRUE,FALSE,TRUE,TRUE,FALSE,TRUE,TRUE,TRUE,CQ LT TWW - CQ OC LT TWW - EN GY TP - EN GY TP - LT LT TWW - LT LT TWW,BM - CSR - MGMT - OM - QL - SCSR - TL,,2023-03-26,,VM,vinted@vinted.com
Channel 86,FALSE,FALSE,FALSE,TRUE,TRUE,FALSE,TRUE,FALSE,TRUE,CQ LT TWW - CQ OC LT TWW - LT LT TWW - LT LT TWW,BM - MGMT - QL - TL,,2023-03-27,,VM,vinted@vinted.com
Channel 87,FALSE,FALSE,FALSE,TRUE,TRUE,FALSE,FALSE,FALSE,FALSE,Alerts LT TWW - Alerts TN TWW - CQ OC TN TWW,QL - TL,,2023-03-28,,MS - P&S,vinted@vinted.com
Channel 88,FALSE,FALSE,TRUE,FALSE,FALSE,FALSE,FALSE,FALSE,FALSE,EN TN TWW,TR,,2023-03-29,,MS - P&S,vinted@vinted.com
Channel 89,TRUE,TRUE,FALSE,TRUE,TRUE,FALSE,TRUE,FALSE,FALSE,ES PT TWW - FR PL TWW - FR TN OS - FR TN TWW - IT TN TWW,BM - CSR - QL - SCSR - TL,,2023-08-23,,MS - P&S,vinted@vinted.com
Channel 90,TRUE,TRUE,FALSE,FALSE,TRUE,TRUE,FALSE,TRUE,FALSE,EN EG TP - EN LT PLCH - EN UA HW,CSR - OM - RA - SCSR - TL,,2023-03-30,,VM,vinted@vinted.com
Channel 91,TRUE,FALSE,FALSE,TRUE,TRUE,TRUE,TRUE,FALSE,FALSE,Alerts TN TWW - EN TN TWW - VGO MP TN TWW - VGO PS TN TWW,BM - CSR - QL - RA - TL,,2023-03-31,,MS - P&S,vinted@vinted.com
Channel 92,TRUE,TRUE,TRUE,TRUE,TRUE,FALSE,FALSE,FALSE,TRUE,CQ TN TWW - EN CO TWW - EN TN TWW - EN UA HW - EN UA HW - ES CO TWW - ES UA HW - FR MA OS - IT TN TWW - VGO MP TN TWW,CSR - MGMT - QL - SCSR - TL - TR,,2023-04-01,,MS - P&S,vinted@vinted.com
Channel 93,FALSE,FALSE,FALSE,FALSE,FALSE,FALSE,FALSE,FALSE,FALSE,XXX,XXX,,2023-04-04,,MS - P&S,vinted@vinted.com
Channel 94,TRUE,FALSE,FALSE,FALSE,TRUE,TRUE,FALSE,TRUE,FALSE,EN LT PLCH - PL PL TWW - SE LT PLCH,CSR - OM - RA - TL,,2023-08-21,,MS - P&S,vinted@vinted.com
Channel 95,FALSE,FALSE,FALSE,TRUE,TRUE,FALSE,TRUE,TRUE,TRUE,CQ OC TN TWW - DE TN TWW - EN TN TWW - FR TN TWW - IT TN TWW - VGO MP TN TWW - VGO PS TN TWW,BM - MGMT - OM - QL - TL,,2023-04-02,,MS - P&S,vinted@vinted.com
Channel 96,TRUE,TRUE,TRUE,TRUE,TRUE,TRUE,TRUE,TRUE,TRUE,CZ CZ TP - DE AL TWW - DK LT PLCH - EN CO TWW - EN EG TP - EN LT PLCH - EN TN TWW - EN UA HW - ES CO TWW - ES UA HW - FR PL TWW - FR TN OS - FR TN TWW - HU RO TP - IT AL TWW - IT EG TP - IT EG TP - IT TN TWW - PL PL TWW - PL UA HW - VGO PS TN TWW,BM - CSR - MGMT - OM - QL - RA - SCSR - TL - TR,,2023-04-03,,MS - P&S,vinted@vinted.com
Channel 97,FALSE,FALSE,FALSE,FALSE,TRUE,FALSE,TRUE,FALSE,FALSE,FR MA OS - FR TN OS,BM - TL,,2023-04-05,,VM,vinted@vinted.com
Channel 98,FALSE,FALSE,TRUE,TRUE,TRUE,FALSE,TRUE,TRUE,FALSE,FR MA OS - FR TN OS - FR TN OS,BM - OM - QL - TL - TR,,2023-04-06,,MS - P&S,vinted@vinted.com
Channel 99,FALSE,FALSE,FALSE,FALSE,TRUE,TRUE,FALSE,TRUE,FALSE,EN LT PLCH,OM - RA - TL,,2023-09-05,,MS - P&S,vinted@vinted.com
Channel 100,TRUE,TRUE,TRUE,TRUE,TRUE,TRUE,FALSE,TRUE,TRUE,CZ CZ TP - DE AL TWW - EN CO TWW - EN EG TP - EN LT PLCH - EN TN TWW - EN UA HW - ES CO TWW - ES UA HW - FR MA OS - FR PL TWW - FR TN TWW - HU RO TP - IT AL TWW - IT EG TP - IT EG TP - IT TN TWW - PL PL TWW - PL UA HW - PT PT TWW - VGO MP TN TWW - VGO PS TN TWW,CSR - MGMT - OM - QL - RA - SCSR - TL - TR,,2023-04-07,,MS - P&S,vinted@vinted.com
Channel 101,TRUE,TRUE,TRUE,TRUE,TRUE,TRUE,TRUE,TRUE,TRUE,CZ CZ TP - DE AL TWW - EN CO TWW - EN EG TP - EN LT PLCH - EN TN TWW - EN UA HW - ES CO TWW - ES UA HW - FR MA OS - FR PL TWW - FR TN TWW - HU RO TP - IT AL TWW - IT EG TP - IT TN TWW - PL PL TWW - PL UA HW - PT PT TWW - VGO MP TN TWW - VGO PS TN TWW,BM - CSR - MGMT - OM - QL - RA - SCSR - TL - TR,,2023-04-08,,VM,vinted@vinted.com
Channel 102,FALSE,FALSE,FALSE,TRUE,FALSE,FALSE,FALSE,TRUE,FALSE,FR MA OS - FR TN OS,OM - QL,,2023-08-30,,VM,vinted@vinted.com
Channel 103,FALSE,FALSE,TRUE,TRUE,TRUE,TRUE,TRUE,TRUE,TRUE,Alerts LT TWW - CQ OC TN TWW - CZ CZ TP - DE AL TWW - EN CO TWW - EN EG TP - EN LT PLCH - EN TN TWW - EN UA HW - EN GY TP - ES CO TWW - ES PT TWW - ES UA HW - FR MA OS - FR TN OS - FR TN TWW - HU RO TP - IT AL TWW - IT EG TP - LT LT TWW - PL PL TWW - PL UA HW - VGO MP TN TWW,BM - MGMT - OM - QL - RA - TL - TR,,2023-09-01,,VM,vinted@vinted.com
Channel 104,TRUE,TRUE,TRUE,TRUE,TRUE,FALSE,TRUE,TRUE,TRUE,FR PL TWW - PL PL TWW,BM - CSR - MGMT - OM - QL - SCSR - TL - TR,,2023-04-09,,VM,vinted@vinted.com
Channel 105,FALSE,FALSE,TRUE,TRUE,TRUE,TRUE,TRUE,TRUE,FALSE,PL PL TWW,BM - OM - QL - RA - TL - TR,,2023-04-10,,VM,vinted@vinted.com
Channel 106,FALSE,FALSE,TRUE,TRUE,TRUE,TRUE,TRUE,FALSE,TRUE,FR PL TWW - PL PL TWW,BM - MGMT - QL - RA - TL - TR,,2023-09-06,,VM,vinted@vinted.com
Channel 107,FALSE,FALSE,TRUE,TRUE,TRUE,TRUE,TRUE,TRUE,TRUE,FR PL TWW - PL PL TWW,BM - MGMT - OM - QL - RA - TL - TR,,2023-04-11,,VM,vinted@vinted.com
Channel 108,FALSE,FALSE,FALSE,FALSE,FALSE,TRUE,TRUE,TRUE,TRUE,EN TN TWW - FR PL TWW - PL PL TWW,BM - MGMT - OM - RA,,2023-04-12,,VM,vinted@vinted.com
Channel 109,FALSE,FALSE,TRUE,TRUE,TRUE,FALSE,FALSE,TRUE,FALSE,DE UA HW - EN UA HW - PL UA HW - PL UA HW,OM - QL - TL - TR,,2023-04-13,,VM,vinted@vinted.com
Channel 110,FALSE,FALSE,TRUE,TRUE,TRUE,FALSE,FALSE,TRUE,FALSE,DE UA HW - EN UA HW - PL UA HW - PL UA HW,OM - QL - TL - TR,,2023-04-14,,VM,vinted@vinted.com
Channel 111,FALSE,FALSE,FALSE,FALSE,FALSE,TRUE,FALSE,TRUE,FALSE,EN LT PLCH,OM - RA,,2023-04-15,,VM,vinted@vinted.com
Channel 112,FALSE,FALSE,TRUE,FALSE,TRUE,TRUE,TRUE,TRUE,FALSE,DK LT PLCH - EN LT PLCH - SE LT PLCH,BM - OM - RA - TL - TR,,2023-08-25,,VM,vinted@vinted.com
Channel 113,FALSE,FALSE,TRUE,FALSE,TRUE,TRUE,TRUE,TRUE,FALSE,DK LT PLCH - EN LT PLCH - FI EE PLCH - SE LT PLCH,BM - OM - RA - TL - TR,,2023-04-17,,VM,vinted@vinted.com
Channel 114,FALSE,FALSE,FALSE,FALSE,FALSE,FALSE,TRUE,TRUE,FALSE,EN LT PLCH,BM - OM,,2023-04-18,,VM,vinted@vinted.com
Channel 115,TRUE,TRUE,FALSE,TRUE,TRUE,FALSE,TRUE,TRUE,FALSE,DE TN TWW - EN LT PLCH - EN TN TWW - ES UA HW - FR TN OS - FR TN OS,BM - CSR - OM - QL - SCSR - TL,,2023-04-19,,VM,vinted@vinted.com
Channel 116,TRUE,TRUE,TRUE,FALSE,TRUE,FALSE,FALSE,FALSE,TRUE,DE TN TWW - EN UA HW - ES UA HW - FR TN TWW - IT AL TWW - PT PT TWW,CSR - MGMT - SCSR - TL - TR,,2023-04-16,,VM,vinted@vinted.com
Channel 117,FALSE,TRUE,FALSE,TRUE,TRUE,FALSE,TRUE,FALSE,TRUE,ES PT TWW - FR PL TWW - PT PT TWW,BM - MGMT - QL - SCSR - TL,,2023-04-20,,VM,vinted@vinted.com
Channel 118,FALSE,FALSE,FALSE,FALSE,TRUE,FALSE,TRUE,TRUE,TRUE,EN TN TWW - ES PT TWW - FR PL TWW - PL PL TWW,BM - MGMT - OM - TL,,2023-04-21,,VM,vinted@vinted.com
Channel 119,FALSE,FALSE,FALSE,TRUE,TRUE,FALSE,TRUE,FALSE,TRUE,ES PT TWW - FR PL TWW - PT PT TWW,BM - MGMT - QL - TL,,2023-04-22,,VM,vinted@vinted.com
Channel 120,FALSE,FALSE,FALSE,TRUE,TRUE,FALSE,TRUE,FALSE,TRUE,CQ OC TN TWW - CQ TN TWW - DE TN TWW - EN TN TWW - IT TN TWW - VGO MP TN TWW,BM - MGMT - QL - TL,,2023-04-23,,VM,vinted@vinted.com
Channel 121,FALSE,TRUE,FALSE,TRUE,TRUE,FALSE,TRUE,FALSE,TRUE,DE AL TWW - IT AL TWW,BM - MGMT - QL - SCSR - TL,,2023-04-24,,MS - TDU,vinted@vinted.com
Channel 122,FALSE,FALSE,FALSE,FALSE,TRUE,FALSE,FALSE,TRUE,TRUE,DE TN TWW - EN TN TWW - IT TN TWW - VGO MP TN TWW,MGMT - OM - TL,,2023-04-25,,MS - TDU,vinted@vinted.com
Channel 123,FALSE,TRUE,TRUE,TRUE,TRUE,TRUE,FALSE,TRUE,FALSE,DE UA HW - DE UA HW - EN UA HW - PL UA HW - PL UA HW,OM - QL - RA - SCSR - TL - TR,,2023-04-26,,MS - TDU,vinted@vinted.com
Channel 124,TRUE,FALSE,TRUE,FALSE,TRUE,TRUE,TRUE,TRUE,FALSE,DK LT PLCH - EN LT PLCH - FI EE PLCH - SE LT PLCH,BM - CSR - OM - RA - TL - TR,,2023-04-27,,MS - TDU,vinted@vinted.com
Channel 125,FALSE,FALSE,TRUE,TRUE,TRUE,TRUE,FALSE,TRUE,TRUE,EN CO TWW - EN TN TWW - ES CO TWW,MGMT - OM - QL - RA - TL - TR,,2023-04-28,,MS - TDU,vinted@vinted.com
Channel 126,FALSE,TRUE,TRUE,TRUE,TRUE,FALSE,TRUE,TRUE,TRUE,EN EG TP - EN EG TP - IT EG TP,BM - MGMT - OM - QL - SCSR - TL - TR,,2023-04-29,,MS - TDU,vinted@vinted.com
Channel 127,FALSE,FALSE,FALSE,FALSE,TRUE,TRUE,TRUE,TRUE,TRUE,EN GY TP - IT EG TP,BM - MGMT - OM - RA - TL,,2023-04-30,,MS - TDU,vinted@vinted.com
Channel 128,FALSE,TRUE,TRUE,TRUE,TRUE,TRUE,FALSE,TRUE,FALSE,DE UA HW - EN UA HW - ES UA HW - PL UA HW,OM - QL - RA - SCSR - TL - TR,,2023-05-01,,MS - TDU,vinted@vinted.com
Channel 129,TRUE,TRUE,TRUE,FALSE,TRUE,TRUE,TRUE,TRUE,FALSE,DK LT PLCH - EN LT PLCH - FI EE PLCH - SE LT PLCH,BM - CSR - OM - RA - SCSR - TL - TR,,2023-05-02,,MS - TDU,vinted@vinted.com
Channel 130,TRUE,TRUE,TRUE,TRUE,TRUE,TRUE,TRUE,TRUE,TRUE,DE TN TWW - EN TN TWW - FR TN TWW - IT TN TWW - VGO MP TN TWW,BM - CSR - MGMT - OM - QL - RA - SCSR - TL - TR,,2023-05-03,,MS - TDU,vinted@vinted.com
Channel 131,FALSE,FALSE,FALSE,TRUE,TRUE,TRUE,FALSE,TRUE,TRUE,EN CO TWW - EN TN TWW - ES CO TWW,MGMT - OM - QL - RA - TL,,2023-05-04,,MS - TDU,vinted@vinted.com
Channel 132,FALSE,TRUE,TRUE,TRUE,TRUE,TRUE,FALSE,TRUE,FALSE,DE UA HW - EN UA HW - ES UA HW - PL UA HW,OM - QL - RA - SCSR - TL - TR,,2023-05-05,,MS - TDU,vinted@vinted.com
Channel 133,FALSE,TRUE,FALSE,TRUE,TRUE,FALSE,TRUE,FALSE,FALSE,ES PT TWW,BM - QL - SCSR - TL,,2023-05-06,,MS - OQ&U & Tech,vinted@vinted.com
Channel 134,TRUE,FALSE,TRUE,FALSE,TRUE,TRUE,TRUE,TRUE,FALSE,DK LT PLCH - EN LT PLCH - FI EE PLCH - SE LT PLCH,BM - CSR - OM - RA - TL - TR,,2023-05-07,,MS - OQ&U & Tech,vinted@vinted.com
Channel 135,FALSE,FALSE,FALSE,FALSE,TRUE,FALSE,TRUE,TRUE,FALSE,FR MA OS - FR TN OS,BM - OM - TL,,2023-05-08,,MS - OQ&U & Tech,vinted@vinted.com
Channel 136,TRUE,TRUE,FALSE,FALSE,TRUE,TRUE,TRUE,TRUE,FALSE,FR PL TWW - PL PL TWW,BM - CSR - OM - RA - SCSR - TL,,2023-05-09,,MS - OQ&U & Tech,vinted@vinted.com
Channel 137,FALSE,FALSE,FALSE,TRUE,TRUE,FALSE,TRUE,TRUE,FALSE,FR TN OS - FR TN OS,BM - OM - QL - TL,,2023-08-27,,MS - OQ&U & Tech,vinted@vinted.com
Channel 138,FALSE,TRUE,FALSE,TRUE,TRUE,FALSE,TRUE,TRUE,TRUE,CQ OC TN TWW - DE TN TWW - EN TN TWW - FR TN TWW - IT TN TWW - VGO MP TN TWW - VGO PS TN TWW,BM - MGMT - OM - QL - SCSR - TL,,2023-09-03,,MS - OQ&U & Tech,vinted@vinted.com
Channel 139,FALSE,FALSE,FALSE,FALSE,TRUE,FALSE,FALSE,TRUE,TRUE,HU RO TP - IT EG TP - RO RO TP,MGMT - OM - TL,,2023-05-10,,MS - OQ&U & Tech,vinted@vinted.com
Channel 140,FALSE,TRUE,TRUE,TRUE,TRUE,FALSE,TRUE,FALSE,TRUE,DE AL TWW - FR PL TWW - IT AL TWW,BM - MGMT - QL - SCSR - TL - TR,,2023-05-11,,MS - OQ&U & Tech,vinted@vinted.com
Channel 141,FALSE,FALSE,FALSE,FALSE,TRUE,TRUE,TRUE,TRUE,TRUE,IT EG TP - IT EG TP,BM - MGMT - OM - RA - TL,,2023-05-12,,MS - OQ&U & Tech,vinted@vinted.com
Channel 142,FALSE,TRUE,FALSE,FALSE,TRUE,FALSE,TRUE,TRUE,TRUE,CQ OC TN TWW - DE TN TWW - EN TN TWW - FR TN TWW - IT TN TWW - VGO MP TN TWW,BM - MGMT - OM - SCSR - TL,,2023-05-13,,MS - OQ&U & Tech,vinted@vinted.com
Channel 143,TRUE,TRUE,FALSE,TRUE,TRUE,FALSE,TRUE,FALSE,FALSE,Alerts LT TWW - CQ LT TWW - CQ OC LT TWW - LT LT TWW - LT LT TWW,BM - CSR - QL - SCSR - TL,,2023-05-14,,MS - OQ&U & Tech,vinted@vinted.com
Channel 144,TRUE,TRUE,FALSE,FALSE,TRUE,FALSE,TRUE,FALSE,FALSE,Alerts LT TWW - CQ LT TWW - CQ OC LT TWW,BM - CSR - SCSR - TL,,2023-05-15,,MS - OQ&U & Tech,vinted@vinted.com
Channel 145,FALSE,FALSE,FALSE,TRUE,TRUE,FALSE,TRUE,FALSE,TRUE,CQ OC TN TWW - CQ TN TWW - DE TN TWW - EN TN TWW - IT TN TWW - VGO MP TN TWW,BM - MGMT - QL - TL,,2023-05-16,,MS - OQ&U & Tech,vinted@vinted.com
Channel 146,FALSE,TRUE,TRUE,TRUE,TRUE,TRUE,TRUE,TRUE,TRUE,FR PL TWW - PL PL TWW,BM - MGMT - OM - QL - RA - SCSR - TL - TR,,2023-05-17,,MS - OQ&U & Tech,vinted@vinted.com
Channel 147,FALSE,TRUE,TRUE,TRUE,TRUE,TRUE,FALSE,TRUE,FALSE,DE UA HW - EN UA HW - PL UA HW - PL UA HW,OM - QL - RA - SCSR - TL - TR,,2023-05-18,,MS - OQ&U & Tech,vinted@vinted.com
Channel 148,FALSE,TRUE,FALSE,TRUE,TRUE,FALSE,TRUE,FALSE,FALSE,ES PT TWW - PT PT TWW,BM - QL - SCSR - TL,,2023-05-19,,MS - OQ&U & Tech,vinted@vinted.com
Channel 149,TRUE,TRUE,TRUE,FALSE,TRUE,TRUE,TRUE,TRUE,FALSE,DK LT PLCH - EN LT PLCH - FI EE PLCH - SE LT PLCH - SE LT PLCH,BM - CSR - OM - RA - SCSR - TL - TR,,2023-05-20,,MS - OQ&U & Tech,vinted@vinted.com
Channel 150,FALSE,TRUE,FALSE,TRUE,TRUE,FALSE,FALSE,TRUE,TRUE,CZ CZ TP - IT EG TP - SK CZ TP,MGMT - OM - QL - SCSR - TL,,2023-08-26,,MS - OQ&U & Tech,vinted@vinted.com
Channel 151,FALSE,TRUE,FALSE,TRUE,TRUE,FALSE,FALSE,FALSE,FALSE,Alerts LT TWW - LT LT TWW,QL - SCSR - TL,,2023-05-21,,MS - OQ&U & Tech,vinted@vinted.com
Channel 152,FALSE,FALSE,FALSE,TRUE,TRUE,FALSE,FALSE,FALSE,TRUE,Alerts TN TWW - CQ OC TN TWW - CQ TN TWW - DE TN TWW - IT TN TWW - VGO MP TN TWW,MGMT - QL - TL,,2023-05-22,,MS - OQ&U & Tech,vinted@vinted.com
Channel 153,FALSE,FALSE,FALSE,TRUE,TRUE,FALSE,TRUE,FALSE,TRUE,DE TN TWW - EN TN TWW - IT TN TWW - VGO MP TN TWW,BM - MGMT - QL - TL,,2023-09-10,,MS - OQ&U & Tech,vinted@vinted.com
Channel 154,TRUE,FALSE,FALSE,TRUE,TRUE,FALSE,TRUE,FALSE,TRUE,DE TN TWW - EN TN TWW - IT TN TWW - VGO MP TN TWW - VGO PS TN TWW,BM - CSR - MGMT - QL - TL,,2023-05-23,,MS - OQ&U & Tech,vinted@vinted.com
Channel 155,TRUE,TRUE,FALSE,TRUE,TRUE,TRUE,TRUE,TRUE,FALSE,DE AL TWW - DK LT PLCH - EN CO TWW - EN EG TP - EN LT PLCH - EN UA HW - EN GY TP - ES CO TWW - ES UA HW - IT AL TWW - IT EG TP - IT EG TP - PL PL TWW - PL UA HW,BM - CSR - OM - QL - RA - SCSR - TL,,2023-05-24,,MS - OQ&U & Tech,vinted@vinted.com
Channel 156,TRUE,FALSE,TRUE,TRUE,TRUE,TRUE,TRUE,TRUE,TRUE,CZ CZ TP - DE TN TWW - EN LT PLCH - ES PT TWW - FR PL TWW - FR TN OS - FR TN TWW - IT EG TP - IT EG TP - PL PL TWW - PT PT TWW,BM - CSR - MGMT - OM - QL - RA - TL - TR,,2023-05-25,,MS - OQ&U & Tech,vinted@vinted.com
Channel 157,TRUE,TRUE,TRUE,FALSE,TRUE,TRUE,TRUE,TRUE,FALSE,DK LT PLCH - EN LT PLCH - FI EE PLCH - SE LT PLCH - SE LT PLCH,BM - CSR - OM - RA - SCSR - TL - TR,,2023-05-26,,VM,vinted@vinted.com
Channel 158,TRUE,FALSE,TRUE,FALSE,TRUE,TRUE,TRUE,TRUE,FALSE,DK LT PLCH - EN LT PLCH - FI EE PLCH - SE LT PLCH,BM - CSR - OM - RA - TL - TR,,2023-05-27,,VM,vinted@vinted.com
Channel 159,FALSE,FALSE,FALSE,FALSE,FALSE,FALSE,FALSE,FALSE,FALSE,xxx,xxx,,2023-05-28,,MS - OQ&U & Tech,vinted@vinted.com
Channel 160,TRUE,TRUE,TRUE,TRUE,TRUE,TRUE,FALSE,TRUE,TRUE,CZ CZ TP - DE AL TWW - DK LT PLCH - EN CO TWW - EN EG TP - EN LT PLCH - EN GY TP - ES CO TWW - ES PT TWW - ES UA HW - FR MA OS - FR PL TWW - FR TN OS - FR TN TWW - HU RO TP - IT AL TWW - IT EG TP - IT EG TP - PL PL TWW,CSR - MGMT - OM - QL - RA - SCSR - TL - TR,,2023-05-29,,MS - OQ&U & Tech,vinted@vinted.com
Channel 161,TRUE,FALSE,TRUE,TRUE,TRUE,FALSE,TRUE,TRUE,TRUE,DE TN TWW - EN TN TWW - IT TN TWW - VGO MP TN TWW,BM - CSR - MGMT - OM - QL - TL - TR,,2023-05-30,,MS - OQ&U & Tech,vinted@vinted.com
Channel 162,FALSE,TRUE,FALSE,TRUE,TRUE,FALSE,FALSE,TRUE,FALSE,CZ CZ TP - SK CZ TP,OM - QL - SCSR - TL,,2023-05-31,,MS - OQ&U & Tech,vinted@vinted.com
Channel 163,TRUE,TRUE,FALSE,TRUE,TRUE,FALSE,FALSE,FALSE,TRUE,LT LT TWW - LT LT TWW,CSR - MGMT - QL - SCSR - TL,,2023-06-01,,MS - OQ&U & Tech,vinted@vinted.com
Channel 164,FALSE,TRUE,FALSE,TRUE,TRUE,FALSE,FALSE,TRUE,FALSE,CZ CZ TP - SK CZ TP,OM - QL - SCSR - TL,,2023-07-22,,MS - OQ&U & Tech,vinted@vinted.com
Channel 165,FALSE,FALSE,TRUE,TRUE,TRUE,TRUE,FALSE,FALSE,TRUE,EN CO TWW - EN TN TWW - ES CO TWW,MGMT - QL - RA - TL - TR,,2023-07-23,,MS - OQ&U & Tech,vinted@vinted.com
Channel 166,FALSE,FALSE,FALSE,FALSE,TRUE,TRUE,FALSE,TRUE,FALSE,EN LT PLCH,OM - RA - TL,,2023-07-24,,MS - OQ&U & Tech,vinted@vinted.com
Channel 167,TRUE,TRUE,FALSE,FALSE,TRUE,FALSE,FALSE,TRUE,FALSE,FR PL TWW - PL PL TWW,CSR - OM - SCSR - TL,,2023-06-02,,MS - OQ&U & Tech,vinted@vinted.com
Channel 168,FALSE,FALSE,FALSE,FALSE,TRUE,FALSE,TRUE,TRUE,TRUE,CQ OC TN TWW - DE TN TWW - EN TN TWW - FR TN TWW - IT TN TWW - VGO MP TN TWW,BM - MGMT - OM - TL,,2023-09-04,,MS - OQ&U & Tech,vinted@vinted.com
Channel 169,TRUE,TRUE,TRUE,TRUE,TRUE,TRUE,TRUE,TRUE,TRUE,DK LT PLCH - EN CO TWW - EN EG TP - EN LT PLCH - EN GY TP - EN GY TP - ES CO TWW - FI EE PLCH - IT AL TWW - IT EG TP - IT EG TP - IT TN TWW - LT LT TWW - LT LT TWW,BM - CSR - MGMT - OM - QL - RA - SCSR - TL - TR,,2023-09-02,,MS - OQ&U & Tech,vinted@vinted.com
Channel 170,TRUE,TRUE,FALSE,TRUE,TRUE,FALSE,FALSE,TRUE,TRUE,CZ CZ TP - EN TN TWW,CSR - MGMT - OM - QL - SCSR - TL,,2023-06-03,,VM,vinted@vinted.com
Channel 171,TRUE,TRUE,TRUE,TRUE,TRUE,TRUE,FALSE,TRUE,FALSE,CQ OC TN TWW - DK LT PLCH - EN CO TWW - EN EG TP - EN LT PLCH - EN GY TP - ES CO TWW - ES PT TWW - ES UA HW - FI EE PLCH - FR MA OS - FR PL TWW - FR TN TWW - LT LT TWW - LT LT TWW - SE LT PLCH,CSR - OM - QL - RA - SCSR - TL - TR,,2023-06-04,,VM,vinted@vinted.com
Channel 172,TRUE,TRUE,TRUE,TRUE,TRUE,TRUE,FALSE,TRUE,TRUE,DK LT PLCH - EN CO TWW - EN EG TP - EN LT PLCH - EN GY TP - EN GY TP - ES CO TWW - FI EE PLCH - FR MA OS - FR PL TWW - IT TN TWW - LT LT TWW - LT LT TWW - SE LT PLCH,CSR - MGMT - OM - QL - RA - SCSR - TL - TR,,2023-06-05,,VM,vinted@vinted.com
Channel 173,TRUE,TRUE,TRUE,TRUE,TRUE,TRUE,TRUE,TRUE,TRUE,DE AL TWW - DK LT PLCH - EN CO TWW - EN EG TP - EN LT PLCH - EN TN TWW - EN GY TP - ES CO TWW - ES PT TWW - FR PL TWW - FR TN OS - FR TN TWW - IT AL TWW - IT EG TP - IT EG TP - IT TN TWW - LT LT TWW - PL PL TWW - PT PT TWW - VGO MP TN TWW - VGO PS TN TWW,BM - CSR - MGMT - OM - QL - RA - SCSR - TL - TR,,2023-06-06,,VM,vinted@vinted.com
Channel 174,TRUE,TRUE,TRUE,TRUE,TRUE,FALSE,FALSE,TRUE,TRUE,EN CO TWW - EN TN TWW - ES CO TWW - HU RO TP,CSR - MGMT - OM - QL - SCSR - TL - TR,,2023-08-24,,MS - S&D,vinted@vinted.com
Channel 175,TRUE,TRUE,TRUE,TRUE,TRUE,TRUE,TRUE,TRUE,TRUE,DE AL TWW - DK LT PLCH - EN CO TWW - EN EG TP - EN LT PLCH - EN TN TWW - EN GY TP - ES CO TWW - ES PT TWW - ES UA HW - FR MA OS - FR PL TWW - FR TN OS - FR TN TWW - IT AL TWW - IT EG TP - IT EG TP - IT TN TWW - LT LT TWW - PL PL TWW - PT PT TWW - VGO MP TN TWW - VGO PS TN TWW,BM - CSR - MGMT - OM - QL - RA - SCSR - TL - TR,,2023-06-07,,MS - S&D,vinted@vinted.com
Channel 176,FALSE,TRUE,FALSE,FALSE,TRUE,FALSE,FALSE,FALSE,FALSE,CQ OC TN TWW - FR TN TWW,SCSR - TL,,2023-06-08,,MS - S&D,vinted@vinted.com
Channel 177,TRUE,TRUE,TRUE,TRUE,TRUE,TRUE,FALSE,TRUE,FALSE,CQ OC TN TWW - DK LT PLCH - EN CO TWW - EN EG TP - EN LT PLCH - EN GY TP - ES CO TWW - FI EE PLCH - FR MA OS - FR PL TWW - FR TN OS - FR TN TWW - LT LT TWW - LT LT TWW,CSR - OM - QL - RA - SCSR - TL - TR,,2023-06-09,,MS - S&D,vinted@vinted.com
Channel 178,TRUE,TRUE,TRUE,TRUE,TRUE,TRUE,TRUE,TRUE,TRUE,DK LT PLCH - EN CO TWW - EN EG TP - EN LT PLCH - EN TN TWW - EN GY TP - ES CO TWW - ES PT TWW - FR MA OS - FR PL TWW - FR TN OS - FR TN TWW - IT AL TWW - IT TN TWW - LT LT TWW - PL PL TWW - VGO MP TN TWW - VGO PS TN TWW,BM - CSR - MGMT - OM - QL - RA - SCSR - TL - TR,,2023-08-22,,MS - S&D,vinted@vinted.com
Channel 179,TRUE,TRUE,TRUE,TRUE,TRUE,TRUE,FALSE,TRUE,TRUE,DE TN TWW - DK LT PLCH - EN CO TWW - EN EG TP - EN LT PLCH - EN TN TWW - EN GY TP - ES CO TWW - ES PT TWW - ES UA HW - FR TN TWW - IT TN TWW - LT LT TWW - SE LT PLCH - VGO MP TN TWW - VGO PS TN TWW,CSR - MGMT - OM - QL - RA - SCSR - TL - TR,,2023-06-10,,MS - S&D,vinted@vinted.com
Channel 180,TRUE,TRUE,TRUE,TRUE,TRUE,TRUE,FALSE,TRUE,FALSE,DK LT PLCH - EN CO TWW - EN EG TP - EN LT PLCH - EN GY TP - EN GY TP - ES CO TWW - ES PT TWW - FI EE PLCH - IT TN TWW - PT PT TWW - SE LT PLCH - SE LT PLCH,CSR - OM - QL - RA - SCSR - TL - TR,,2023-06-11,,MS - S&D,vinted@vinted.com
Channel 181,TRUE,TRUE,TRUE,TRUE,TRUE,TRUE,TRUE,TRUE,TRUE,CZ CZ TP - DE AL TWW - EN CO TWW - EN EG TP - EN LT PLCH - EN TN TWW - EN GY TP - ES CO TWW - ES PT TWW - ES UA HW - FR MA OS - FR PL TWW - FR TN OS - FR TN TWW - IT AL TWW - IT EG TP - IT EG TP - IT TN TWW - LT LT TWW - PL PL TWW - PT PT TWW - VGO MP TN TWW - VGO PS TN TWW,BM - CSR - MGMT - OM - QL - RA - SCSR - TL - TR,,2023-06-12,,MS - S&D,vinted@vinted.com
Channel 182,TRUE,TRUE,TRUE,TRUE,TRUE,TRUE,TRUE,TRUE,FALSE,DK LT PLCH - EN EG TP - EN LT PLCH - FI EE PLCH - SE LT PLCH - SE LT PLCH,BM - CSR - OM - QL - RA - SCSR - TL - TR,,2023-06-13,,MS - S&D,vinted@vinted.com
Channel 183,TRUE,TRUE,TRUE,TRUE,TRUE,TRUE,TRUE,TRUE,TRUE,DE AL TWW - DK LT PLCH - EN CO TWW - EN EG TP - EN LT PLCH - EN TN TWW - EN GY TP - ES CO TWW - ES PT TWW - ES UA HW - FR MA OS - FR PL TWW - FR TN TWW - IT AL TWW - LT LT TWW - VGO MP TN TWW - VGO PS TN TWW,BM - CSR - MGMT - OM - QL - RA - SCSR - TL - TR,,2023-06-14,,MS - S&D,vinted@vinted.com
Channel 184,TRUE,TRUE,TRUE,TRUE,TRUE,TRUE,TRUE,FALSE,FALSE,LT LT TWW - PL PL TWW,BM - CSR - QL - RA - SCSR - TL - TR,,2023-06-15,,MS - S&D,vinted@vinted.com
Channel 185,TRUE,TRUE,TRUE,TRUE,TRUE,TRUE,TRUE,TRUE,TRUE,CZ CZ TP - EN LT PLCH - EN GY TP - FI EE PLCH - FR PL TWW - PL PL TWW - SE LT PLCH - SE LT PLCH - SK CZ TP,BM - CSR - MGMT - OM - QL - RA - SCSR - TL - TR,,2023-06-16,,MS - S&D,vinted@vinted.com
Channel 186,TRUE,TRUE,TRUE,TRUE,TRUE,TRUE,FALSE,TRUE,TRUE,EN CO TWW - EN LT PLCH - EN GY TP - ES CO TWW - FI EE PLCH - FR PL TWW - HU RO TP - PL PL TWW - SE LT PLCH - SE LT PLCH,CSR - MGMT - OM - QL - RA - SCSR - TL - TR,,2023-06-17,,MS - S&D,vinted@vinted.com
Channel 187,TRUE,TRUE,TRUE,TRUE,TRUE,TRUE,TRUE,TRUE,TRUE,DE AL TWW - DK LT PLCH - EN CO TWW - EN EG TP - EN LT PLCH - EN TN TWW - EN GY TP - ES CO TWW - ES PT TWW - ES UA HW - FR MA OS - FR PL TWW - FR TN TWW - IT AL TWW - LT LT TWW - PL PL TWW - VGO MP TN TWW - VGO PS TN TWW,BM - CSR - MGMT - OM - QL - RA - SCSR - TL - TR,,2023-06-18,,MS - S&D,vinted@vinted.com
Channel 188,FALSE,FALSE,FALSE,FALSE,FALSE,FALSE,FALSE,FALSE,FALSE,DK LT PLCH - EN CO TWW - EN EG TP - EN LT PLCH - EN TN TWW - EN GY TP - ES CO TWW - ES PT TWW - ES UA HW - FR MA OS - FR PL TWW - FR TN OS - FR TN TWW - IT AL TWW - IT EG TP - IT EG TP - PL PL TWW - PT PT TWW - VGO PS TN TWW,BM - CSR - MGMT - OM - QL - RA - SCSR - TL - TR,,2023-06-19,,IT,vinted@vinted.com
Channel 189,FALSE,FALSE,FALSE,FALSE,FALSE,FALSE,FALSE,FALSE,FALSE,CZ CZ TP - FR PL TWW - LT LT TWW - LT LT TWW - PL PL TWW - SK CZ TP,BM - CSR - MGMT - OM - QL - RA - SCSR - TL - TR,,2023-06-20,,IT,vinted@vinted.com
Channel 190,FALSE,FALSE,FALSE,FALSE,FALSE,FALSE,FALSE,FALSE,FALSE,CQ TN TWW - EN CO TWW - EN TN TWW - EN GY TP - EN GY TP - ES CO TWW - IT TN TWW - PT PT TWW - VGO MP TN TWW,BM - CSR - MGMT - OM - QL - SCSR - TL - TR,,2023-06-22,,IT,vinted@vinted.com
Channel 191,FALSE,FALSE,FALSE,FALSE,FALSE,FALSE,FALSE,FALSE,FALSE,DE AL TWW - DK LT PLCH - EN CO TWW - EN EG TP - EN LT PLCH - EN TN TWW - EN GY TP - ES CO TWW - IT AL TWW - IT TN TWW - LT LT TWW - LT LT TWW - SE LT PLCH,CSR - MGMT - OM - QL - RA - SCSR - TL - TR,,2023-06-21,,IT,vinted@vinted.com
Channel 192,TRUE,TRUE,TRUE,TRUE,TRUE,TRUE,FALSE,TRUE,FALSE,DK LT PLCH - EN CO TWW - EN EG TP - EN LT PLCH - EN GY TP - EN GY TP - ES CO TWW - ES PT TWW - ES UA HW - FI EE PLCH - SE LT PLCH - SE LT PLCH,CSR - OM - QL - RA - SCSR - TL - TR,,2023-06-23,,IT,vinted@vinted.com
Channel 193,TRUE,TRUE,TRUE,TRUE,TRUE,TRUE,TRUE,TRUE,TRUE,DE AL TWW - DK LT PLCH - EN CO TWW - EN EG TP - EN LT PLCH - EN TN TWW - EN GY TP - ES CO TWW - ES PT TWW - FR TN TWW - IT AL TWW - LT LT TWW - SE LT PLCH - VGO MP TN TWW - VGO PS TN TWW,BM - CSR - MGMT - OM - QL - RA - SCSR - TL - TR,,2023-06-24,,IT,vinted@vinted.com
Channel 194,TRUE,TRUE,TRUE,TRUE,TRUE,TRUE,TRUE,TRUE,TRUE,DK LT PLCH - EN CO TWW - EN EG TP - EN LT PLCH - EN TN TWW - EN GY TP - ES CO TWW - ES PT TWW - FR MA OS - FR PL TWW - FR TN OS - FR TN TWW - LT LT TWW - PL PL TWW - VGO MP TN TWW - VGO PS TN TWW,BM - CSR - MGMT - OM - QL - RA - SCSR - TL - TR,,2023-06-25,,IT,vinted@vinted.com
Channel 195,TRUE,FALSE,TRUE,TRUE,TRUE,TRUE,TRUE,TRUE,TRUE,EN TN TWW - FR PL TWW - HU RO TP - PL PL TWW,BM - CSR - MGMT - OM - QL - RA - TL - TR,,2023-06-26,,IT,vinted@vinted.com
Channel 196,TRUE,TRUE,TRUE,TRUE,TRUE,TRUE,TRUE,TRUE,TRUE,DE AL TWW - DK LT PLCH - EN CO TWW - EN EG TP - EN LT PLCH - EN TN TWW - EN GY TP - ES CO TWW - ES PT TWW - FR PL TWW - FR TN TWW - IT AL TWW - IT EG TP - IT EG TP - IT TN TWW - LT LT TWW - VGO MP TN TWW,BM - CSR - MGMT - OM - QL - RA - SCSR - TL - TR,,2023-06-27,,MS - S&D,vinted@vinted.com
Channel 197,TRUE,TRUE,TRUE,TRUE,TRUE,TRUE,TRUE,TRUE,TRUE,CQ TN TWW - EN CO TWW - EN LT PLCH - EN TN TWW - EN GY TP - EN GY TP - ES CO TWW - IT TN TWW - LT LT TWW - LT LT TWW - VGO MP TN TWW,BM - CSR - MGMT - OM - QL - RA - SCSR - TL - TR,,2023-06-28,,MS - S&D,vinted@vinted.com
Channel 198,TRUE,TRUE,TRUE,TRUE,TRUE,TRUE,TRUE,TRUE,TRUE,DK LT PLCH - EN EG TP - EN LT PLCH - EN TN TWW - EN GY TP - EN GY TP - IT TN TWW - LT LT TWW - LT LT TWW - SE LT PLCH,BM - CSR - MGMT - OM - QL - RA - SCSR - TL - TR,,2023-06-29,,MS - S&D,vinted@vinted.com
Channel 199,TRUE,TRUE,TRUE,TRUE,TRUE,TRUE,TRUE,TRUE,TRUE,DE AL TWW - DK LT PLCH - EN CO TWW - EN EG TP - EN LT PLCH - EN TN TWW - EN GY TP - ES CO TWW - ES PT TWW - ES UA HW - FR MA OS - FR PL TWW - FR TN OS - FR TN TWW - IT AL TWW - IT EG TP - IT EG TP - IT TN TWW - LT LT TWW - PL PL TWW - PT PT TWW - VGO MP TN TWW - VGO PS TN TWW,BM - CSR - MGMT - OM - QL - RA - SCSR - TL - TR,,2023-06-30,,MS - S&D,vinted@vinted.com
Channel 200,TRUE,TRUE,TRUE,TRUE,TRUE,TRUE,FALSE,TRUE,TRUE,EN CO TWW - EN TN TWW - EN GY TP - EN GY TP - ES CO TWW - IT TN TWW - LT LT TWW - LT LT TWW - VGO MP TN TWW,CSR - MGMT - OM - QL - RA - SCSR - TL - TR,,2023-07-01,,MS - S&D,vinted@vinted.com
Channel 201,TRUE,TRUE,TRUE,TRUE,TRUE,TRUE,TRUE,TRUE,TRUE,CQ LT TWW - DK LT PLCH - EN CO TWW - EN EG TP - EN LT PLCH - EN GY TP - EN GY TP - ES CO TWW - ES PT TWW - ES UA HW - FI EE PLCH - LT LT TWW - LT LT TWW - SE LT PLCH,BM - CSR - MGMT - OM - QL - RA - SCSR - TL - TR,,2023-07-02,,MS - S&D,vinted@vinted.com
Channel 202,FALSE,TRUE,TRUE,TRUE,TRUE,FALSE,TRUE,TRUE,FALSE,CZ CZ TP - EN GY TP - EN GY TP - SK CZ TP,BM - OM - QL - SCSR - TL - TR,,2023-07-03,,MS - S&D,vinted@vinted.com
Channel 203,TRUE,TRUE,TRUE,TRUE,TRUE,TRUE,FALSE,TRUE,TRUE,DE TN TWW - DK LT PLCH - EN CO TWW - EN EG TP - EN LT PLCH - EN TN TWW - EN GY TP - ES CO TWW - PL PL TWW - SE LT PLCH - VGO MP TN TWW,CSR - MGMT - OM - QL - RA - SCSR - TL - TR,,2023-07-04,,MS - S&D,vinted@vinted.com
Channel 204,TRUE,TRUE,TRUE,TRUE,TRUE,TRUE,TRUE,TRUE,TRUE,DE AL TWW - DK LT PLCH - EN CO TWW - EN EG TP - EN LT PLCH - EN TN TWW - EN GY TP - ES CO TWW - FR PL TWW - IT AL TWW - IT EG TP - IT EG TP - IT TN TWW - LT LT TWW - PL PL TWW - VGO MP TN TWW,BM - CSR - MGMT - OM - QL - RA - SCSR - TL - TR,,2023-07-05,,MS - S&D,vinted@vinted.com
Channel 205,TRUE,TRUE,TRUE,TRUE,TRUE,TRUE,TRUE,TRUE,TRUE,DK LT PLCH - EN LT PLCH - FI EE PLCH - FR PL TWW - PL PL TWW - SE LT PLCH - SE LT PLCH,BM - CSR - MGMT - OM - QL - RA - SCSR - TL - TR,,2023-07-06,,MS - S&D,vinted@vinted.com
Channel 206,FALSE,TRUE,FALSE,TRUE,TRUE,FALSE,FALSE,FALSE,FALSE,CZ CZ TP,QL - SCSR - TL,,2023-07-07,,MS - S&D,vinted@vinted.com
Channel 207,TRUE,TRUE,TRUE,TRUE,TRUE,TRUE,TRUE,TRUE,TRUE,DK LT PLCH - EN CO TWW - EN EG TP - EN LT PLCH - EN TN TWW - EN GY TP - ES CO TWW - ES PT TWW - FR MA OS - FR PL TWW - FR TN OS - FR TN TWW - IT AL TWW - IT EG TP - IT EG TP - IT TN TWW - LT LT TWW - PL PL TWW - VGO MP TN TWW - VGO PS TN TWW,BM - CSR - MGMT - OM - QL - RA - SCSR - TL - TR,,2023-07-08,,MS - S&D,vinted@vinted.com
Channel 208,TRUE,TRUE,TRUE,TRUE,TRUE,TRUE,FALSE,TRUE,TRUE,CQ TN TWW - EN CO TWW - EN TN TWW - EN GY TP - EN GY TP - ES CO TWW - VGO MP TN TWW,CSR - MGMT - OM - QL - RA - SCSR - TL - TR,,2023-07-09,,MS - S&D,vinted@vinted.com
Channel 209,TRUE,TRUE,TRUE,TRUE,TRUE,FALSE,FALSE,TRUE,TRUE,EN CO TWW - EN TN TWW - ES CO TWW - HU RO TP,CSR - MGMT - OM - QL - SCSR - TL - TR,,2023-07-10,,MS - S&D,vinted@vinted.com
Channel 210,TRUE,TRUE,TRUE,TRUE,TRUE,TRUE,TRUE,TRUE,TRUE,DK LT PLCH - EN CO TWW - EN EG TP - EN LT PLCH - EN TN TWW - EN GY TP - ES CO TWW - ES PT TWW - ES UA HW - FR MA OS - FR PL TWW - FR TN OS - IT TN TWW - LT LT TWW - PL PL TWW - PT PT TWW - SE LT PLCH,BM - CSR - MGMT - OM - QL - RA - SCSR - TL - TR,,2023-07-11,,MS - S&D,vinted@vinted.com
Channel 211,FALSE,FALSE,FALSE,TRUE,TRUE,FALSE,FALSE,TRUE,FALSE,CZ CZ TP - SK CZ TP,OM - QL - TL,,2023-07-12,,MS - S&D,vinted@vinted.com
Channel 212,TRUE,FALSE,FALSE,TRUE,TRUE,FALSE,FALSE,TRUE,TRUE,CZ CZ TP - EN TN TWW - SK CZ TP,CSR - MGMT - OM - QL - TL,,2023-07-13,,MS - S&D,vinted@vinted.com
Channel 213,TRUE,TRUE,TRUE,TRUE,TRUE,TRUE,TRUE,TRUE,TRUE,DE AL TWW - DK LT PLCH - EN CO TWW - EN EG TP - EN LT PLCH - EN TN TWW - EN GY TP - ES CO TWW - ES PT TWW - ES UA HW - FR MA OS - FR PL TWW - FR TN OS - FR TN TWW - IT AL TWW - IT EG TP - IT EG TP - IT TN TWW - LT LT TWW - PL PL TWW - VGO MP TN TWW - VGO PS TN TWW,BM - CSR - MGMT - OM - QL - RA - SCSR - TL - TR,,2023-07-14,,MS - S&D,vinted@vinted.com
Channel 214,TRUE,TRUE,TRUE,TRUE,TRUE,TRUE,FALSE,TRUE,TRUE,EN CO TWW - EN EG TP - EN LT PLCH - EN TN TWW - EN GY TP - EN GY TP - ES CO TWW - IT TN TWW - LT LT TWW - LT LT TWW - VGO MP TN TWW,CSR - MGMT - OM - QL - RA - SCSR - TL - TR,,2023-07-15,,MS - S&D,vinted@vinted.com
Channel 215,TRUE,TRUE,TRUE,TRUE,TRUE,TRUE,TRUE,TRUE,TRUE,DE AL TWW - DK LT PLCH - EN CO TWW - EN EG TP - EN LT PLCH - EN GY TP - ES CO TWW - ES PT TWW - ES UA HW - FR PL TWW - FR TN OS - FR TN TWW - IT AL TWW - IT EG TP - IT EG TP - LT LT TWW - PL PL TWW,BM - CSR - MGMT - OM - QL - RA - SCSR - TL - TR,,2023-07-16,,MS - S&D,vinted@vinted.com
Channel 216,TRUE,TRUE,TRUE,TRUE,TRUE,TRUE,TRUE,TRUE,TRUE,CQ TN TWW - EN CO TWW - EN EG TP - EN LT PLCH - EN TN TWW - EN GY TP - ES CO TWW - IT TN TWW - LT LT TWW - LT LT TWW - VGO MP TN TWW,BM - CSR - MGMT - OM - QL - RA - SCSR - TL - TR,,2023-07-17,,MS - S&D,vinted@vinted.com
Channel 217,TRUE,TRUE,TRUE,TRUE,TRUE,TRUE,FALSE,TRUE,TRUE,CQ TN TWW - CZ CZ TP - EN CO TWW - EN TN TWW - EN GY TP - EN GY TP - ES CO TWW - IT TN TWW - SK CZ TP - VGO MP TN TWW,CSR - MGMT - OM - QL - RA - SCSR - TL - TR,,2023-07-18,,MS - S&D,vinted@vinted.com
Channel 218,TRUE,TRUE,TRUE,TRUE,TRUE,TRUE,TRUE,TRUE,TRUE,DK LT PLCH - EN CO TWW - EN EG TP - EN LT PLCH - EN TN TWW - ES CO TWW - ES PT TWW - ES UA HW - FR PL TWW - HU RO TP - IT AL TWW - LT LT TWW - LT LT TWW - PL PL TWW,BM - CSR - MGMT - OM - QL - RA - SCSR - TL - TR,,2023-07-19,,MS - S&D,vinted@vinted.com
Channel 219,FALSE,TRUE,FALSE,TRUE,TRUE,FALSE,TRUE,TRUE,TRUE,CZ CZ TP - EN GY TP - EN GY TP - IT EG TP - SK CZ TP,BM - MGMT - OM - QL - SCSR - TL,,2023-07-20,,VM,vinted@vinted.com
Channel 220,FALSE,TRUE,FALSE,TRUE,TRUE,FALSE,FALSE,TRUE,TRUE,CZ CZ TP - IT EG TP - SK CZ TP,MGMT - OM - QL - SCSR - TL,,2023-07-21,,VM,vinted@vinted.com
Channel 221,TRUE,TRUE,FALSE,FALSE,TRUE,FALSE,FALSE,FALSE,FALSE,EN UA HW - FR TN TWW - IT TN TWW,CSR - SCSR - TL,,2023-07-25,,MS - S&D,vinted@vinted.com
Channel 222,FALSE,FALSE,FALSE,FALSE,FALSE,FALSE,FALSE,FALSE,FALSE,xxx,xxx,,2023-07-26,,VM,vinted@vinted.com
Channel 223,FALSE,FALSE,FALSE,FALSE,TRUE,FALSE,TRUE,TRUE,TRUE,CQ OC TN TWW - EN TN TWW - FR TN TWW - IT TN TWW,BM - MGMT - OM - TL,,2023-07-27,,VM,vinted@vinted.com
Channel 224,FALSE,FALSE,FALSE,TRUE,TRUE,FALSE,TRUE,FALSE,TRUE,CZ CZ TP - HU RO TP - IT EG TP,BM - MGMT - QL - TL,,2023-07-28,,VM,vinted@vinted.com
Channel 225,FALSE,FALSE,TRUE,TRUE,TRUE,FALSE,TRUE,TRUE,TRUE,CZ CZ TP - EN EG TP - EN EG TP - EN GY TP - EN GY TP - HU RO TP - IT EG TP - IT EG TP,BM - MGMT - OM - QL - TL - TR,,2023-07-29,,VM,vinted@vinted.com
Channel 226,FALSE,FALSE,TRUE,TRUE,FALSE,FALSE,TRUE,TRUE,TRUE,EN GY TP - HU RO TP - IT EG TP,BM - MGMT - OM - QL - TR,,2023-08-02,,VM,vinted@vinted.com
Channel 227,FALSE,FALSE,FALSE,FALSE,FALSE,FALSE,TRUE,TRUE,TRUE,CZ CZ TP - EN EG TP - EN EG TP - EN GY TP - HU RO TP - IT EG TP - IT EG TP,BM - MGMT - OM,,2023-08-03,,VM,vinted@vinted.com
Channel 228,FALSE,TRUE,TRUE,TRUE,TRUE,FALSE,TRUE,TRUE,TRUE,CZ CZ TP - EN EG TP - EN EG TP - EN GY TP - EN GY TP - HU RO TP - IT EG TP - IT EG TP - SK CZ TP,BM - MGMT - OM - QL - SCSR - TL - TR,,2023-07-30,,VM,vinted@vinted.com
Channel 229,FALSE,FALSE,FALSE,TRUE,TRUE,TRUE,TRUE,FALSE,TRUE,Alerts TN TWW - DE AL TWW - EN CO TWW - EN TN TWW - ES PT TWW - FR PL TWW - IT AL TWW - LT LT TWW - PL PL TWW,BM - MGMT - QL - RA - TL,,2023-07-31,,VM,vinted@vinted.com
Channel 230,FALSE,TRUE,TRUE,TRUE,TRUE,TRUE,TRUE,FALSE,TRUE,Alerts TN TWW - CQ OC TN TWW - CQ TN TWW - DE AL TWW - DE TN TWW - EN CO TWW - EN TN TWW - ES CO TWW - ES PT TWW - FR TN TWW - IT AL TWW - IT TN TWW - LT LT TWW - LT LT TWW - PL PL TWW - VGO MP TN TWW - VGO PS TN TWW,BM - MGMT - QL - RA - SCSR - TL - TR,,2023-08-01,,VM,vinted@vinted.com
Channel 231,FALSE,FALSE,FALSE,FALSE,FALSE,FALSE,TRUE,FALSE,TRUE,EN CO TWW - EN TN TWW - FR PL TWW - LT LT TWW - VGO PS TN TWW,BM - MGMT,,2023-08-07,,VM,vinted@vinted.com
Channel 232,FALSE,TRUE,TRUE,TRUE,TRUE,TRUE,TRUE,FALSE,TRUE,Alerts TN TWW - CQ TN TWW - DE AL TWW - DE TN TWW - EN CO TWW - EN TN TWW - ES CO TWW - ES PT TWW - FR TN TWW - IT AL TWW - IT TN TWW - LT LT TWW - LT LT TWW - PL PL TWW - VGO MP TN TWW - VGO PS TN TWW,BM - MGMT - QL - RA - SCSR - TL - TR,,2023-08-08,,VM,vinted@vinted.com
Channel 233,FALSE,TRUE,TRUE,TRUE,TRUE,TRUE,TRUE,FALSE,TRUE,Alerts TN TWW - CQ OC TN TWW - CQ TN TWW - DE AL TWW - DE TN TWW - EN CO TWW - EN TN TWW - ES CO TWW - ES PT TWW - FR TN TWW - IT AL TWW - IT TN TWW - LT LT TWW - LT LT TWW - PL PL TWW - VGO MP TN TWW - VGO PS TN TWW,BM - MGMT - QL - RA - SCSR - TL - TR,,2023-08-04,,VM,vinted@vinted.com
Channel 234,FALSE,FALSE,TRUE,FALSE,FALSE,FALSE,TRUE,TRUE,TRUE,EN CO TWW - EN TN TWW - FR PL TWW - LT LT TWW - PL PL TWW - VGO PS TN TWW,BM - MGMT - OM - TR,,2023-08-05,,VM,vinted@vinted.com
Channel 235,TRUE,TRUE,FALSE,FALSE,TRUE,FALSE,FALSE,FALSE,FALSE,EN UA HW - EN UA HW - ES UA HW,CSR - SCSR - TL,,2023-09-07,,VM,vinted@vinted.com
Channel 236,TRUE,FALSE,FALSE,FALSE,TRUE,FALSE,FALSE,FALSE,FALSE,EN UA HW - EN UA HW - ES UA HW,CSR - TL,,2023-08-06,,VM,vinted@vinted.com
Channel 237,FALSE,FALSE,TRUE,TRUE,TRUE,TRUE,TRUE,TRUE,TRUE,DE TN TWW - DE UA HW - EN EG TP - EN LT PLCH - EN TN TWW - EN UA HW - FR PL TWW - FR TN OS - FR TN OS - FR TN TWW - IT TN TWW - LT LT TWW - PL PL TWW - VGO MP TN TWW - VGO PS TN TWW,BM - MGMT - OM - QL - RA - TL - TR,,2023-08-09,,VM,vinted@vinted.com
Channel 238,TRUE,FALSE,FALSE,TRUE,TRUE,FALSE,TRUE,FALSE,FALSE,EN TN TWW - VGO MP TN TWW - VGO PS TN TWW - VGO PS TN TWW,BM - CSR - QL - TL,,2023-09-09,,VM,vinted@vinted.com
Channel 239,TRUE,TRUE,FALSE,TRUE,TRUE,FALSE,TRUE,TRUE,TRUE,CQ OC TN TWW - CZ CZ TP - DK LT PLCH - EN LT PLCH - ES UA HW - FR TN TWW - HU RO TP - IT AL TWW - PL PL TWW - PT PT TWW - RO RO TP - SE LT PLCH - SK CZ TP,BM - CSR - MGMT - OM - QL - SCSR - TL,,2023-08-10,,VM,vinted@vinted.com
Channel 240,FALSE,FALSE,TRUE,TRUE,TRUE,FALSE,TRUE,FALSE,TRUE,CQ TN TWW - EN TN TWW - VGO MP TN TWW - VGO PS TN TWW,BM - MGMT - QL - TL - TR,,2023-08-11,,VM,vinted@vinted.com
Channel 241,FALSE,FALSE,TRUE,TRUE,TRUE,FALSE,TRUE,TRUE,TRUE,CQ TN TWW - EN TN TWW - VGO MP TN TWW,BM - MGMT - OM - QL - TL - TR,,2023-08-12,,VM,vinted@vinted.com
Channel 242,TRUE,FALSE,FALSE,TRUE,TRUE,FALSE,TRUE,FALSE,FALSE,EN TN TWW - VGO MP TN TWW - VGO PS TN TWW - VGO PS TN TWW,BM - CSR - QL - TL,,2023-08-13,,VM,vinted@vinted.com
Channel 243,TRUE,FALSE,FALSE,TRUE,TRUE,FALSE,TRUE,TRUE,TRUE,DE TN TWW - EN TN TWW - IT TN TWW - VGO MP TN TWW - VGO PS TN TWW,BM - CSR - MGMT - OM - QL - TL,,2023-08-14,,VM,vinted@vinted.com
Channel 244,TRUE,FALSE,FALSE,TRUE,TRUE,FALSE,TRUE,FALSE,FALSE,EN TN TWW - VGO MP TN TWW - VGO PS TN TWW,BM - CSR - QL - TL,,2023-08-15,,VM,vinted@vinted.com
Channel 245,FALSE,FALSE,FALSE,FALSE,FALSE,FALSE,FALSE,FALSE,FALSE,xxx,xxx,,2023-08-16,,VM,vinted@vinted.com
Channel 246,TRUE,TRUE,TRUE,TRUE,TRUE,TRUE,TRUE,TRUE,TRUE,Alerts LT TWW - CZ CZ TP - DE AL TWW - EN CO TWW - EN LT PLCH - EN TN TWW - EN UA HW - EN GY TP - ES CO TWW - ES PT TWW - ES UA HW - FR PL TWW - FR TN OS - FR TN TWW - HU RO TP - IT AL TWW - IT EG TP - IT EG TP - IT TN TWW - LT LT TWW - PL PL TWW - PL UA HW - PT PT TWW - VGO MP TN TWW - VGO PS TN TWW,BM - CSR - MGMT - OM - QL - RA - SCSR - TL - TR,,2023-08-17,,VM,vinted@vinted.com